@adipolak@mastodon.online,
@amaragraham@mastodon.online,
@andypiper@mastodon.social,
@Cerchie@data-folks.masto.host,
@christianh814@hachyderm.io,
@chuckmeyer@mastodon.social,
@djnavarro@fosstodon.org,
@don@goodman-wilson.com,
@dtraub@mastodon.online,
@ftisiot@mastodon.social,
@gunnarmorling@mastodon.online,
@hkdulay@data-folks.masto.host,
@holly_cummins@mastodon.social,
@hummusonrails@fosstodon.org,
@iandouglas736@hachyderm.io,
@jasonstcyr@mstdn.ca,
@jerdog@floss.social,
@jjasghar@mastodon.social,
@jpoehnelt@mastodon.thbps.com,
@kevindubois@mastodon.social,
@krisajenkins@mastodon.social,
@linux_mclinuxface@fosstodon.org,
@lornajane@indieweb.social,
@manomarks@queer.party,
@maritvandijk@mastodon.social,
@mesirii@chaos.social,
@metadaddy@fosstodon.org,
@mkheck@mastodon.cloud,
@monimiller@data-folks.masto.host,
@nickali@mastodon.cloud,
@nimbinatus@hachyderm.io,
@noctarius2k@mastodon.online,
@remotesynth@mastodon.xyz,
@rmoff@data-folks.masto.host,
@shanacodes@mastodon.social,
@starbuxman@mastodon.online,
@t_mammarella@mastodon.social,
@technovangelist@fosstodon.org,
@thegrumpyenby@queer.party,
@wraldpyk@fosstodon.org,
@xeraa@mastodon.social,
